{
    "data": [
        {
            "externalId": "6323",
            "name": "MORO",
            "category": "",
            "rating": 1,
            "cashback": "10",
            "image": "",
            "address": "PIAZZA DUOMO, 17\/18",
            "city": "ACIREALE",
            "meta": null,
            "lat": 37.6130198,
            "long": 15.165505,
            "openingHours": "",
            "description": "",
            "zipCode": "95024",
            "website": "",
            "facebook": "",
            "instagram": ""
        },
        {
            "externalId": "6324",
            "name": "CANAL ST",
            "category": "",
            "rating": 1,
            "cashback": "10",
            "image": "",
            "address": "CORSO UMBERTO, 97\/99",
            "city": "ACIREALE",
            "meta": null,
            "lat": 37.6151188,
            "long": 15.1664087,
            "openingHours": "",
            "description": "",
            "zipCode": "95024",
            "website": "",
            "facebook": "",
            "instagram": ""
        },
        {
            "externalId": "6325",
            "name": "FRIVOLEZZE",
            "category": "",
            "rating": 1,
            "cashback": "10",
            "image": "",
            "address": "VIA PAOLO VASTA, 102",
            "city": "ACIREALE",
            "meta": null,
            "lat": 37.6161201,
            "long": 15.1641944,
            "openingHours": "",
            "description": "",
            "zipCode": "95024",
            "website": "",
            "facebook": "",
            "instagram": ""
        },
        {
            "externalId": "6326",
            "name": "LEOTTA STORE 1978",
            "category": "",
            "rating": 1,
            "cashback": "10",
            "image": "",
            "address": "CORSO UMBERTO, 62\/64",
            "city": "ACIREALE",
            "meta": null,
            "lat": 37.61501425205609,
            "long": 15.166299463159945,
            "openingHours": "",
            "description": "",
            "zipCode": "95024",
            "website": "",
            "facebook": "",
            "instagram": ""
        },
        {
            "externalId": "6327",
            "name": "RE DOLCE FREDDO",
            "category": "",
            "rating": 1,
            "cashback": "10",
            "image": "",
            "address": "VIA GIOVANNI VERGA, 53\/55",
            "city": "ACIREALE",
            "meta": null,
            "lat": 37.6177501,
            "long": 15.1596703,
            "openingHours": "",
            "description": "",
            "zipCode": "95024",
            "website": "",
            "facebook": "",
            "instagram": ""
        },
        {
            "externalId": "6328",
            "name": "PANIFICIO SANT ANNA",
            "category": "",
            "rating": 1,
            "cashback": "2",
            "image": "",
            "address": "CORSO SICILIA, 67\/69",
            "city": "ACIREALE",
            "meta": null,
            "lat": 37.618443642081,
            "long": 15.165433897553,
            "openingHours": "",
            "description": "",
            "zipCode": "95024",
            "website": "",
            "facebook": "",
            "instagram": ""
        },
        {
            "externalId": "6349",
            "name": "TRES NOIR",
            "category": "",
            "rating": 1,
            "cashback": "8",
            "image": "",
            "address": "PIAZZA INDIRIZZO, 12\/13\/14",
            "city": "ACIREALE",
            "meta": null,
            "lat": 37.619691047058,
            "long": 15.167636788361,
            "openingHours": "",
            "description": "",
            "zipCode": "95024",
            "website": "",
            "facebook": "",
            "instagram": ""
        },
        {
            "externalId": "6350",
            "name": "VINERIA 186",
            "category": "",
            "rating": 1,
            "cashback": "5",
            "image": "",
            "address": "CORSO UMBERTO, 186",
            "city": "ACIREALE",
            "meta": null,
            "lat": 37.618051993823,
            "long": 15.167434184061,
            "openingHours": "DALLE 9.30 ALLE 13.00 E DALLE 17.00 ALLE 00.00",
            "description": "",
            "zipCode": "95024",
            "website": "",
            "facebook": "",
            "instagram": ""
        },
        {
            "externalId": "6351",
            "name": "SCALIA MUSMARRA",
            "category": "",
            "rating": 1,
            "cashback": "10",
            "image": "",
            "address": "PIAZZA DUOMO, 22\/23",
            "city": "ACIREALE",
            "meta": null,
            "lat": 37.6131418,
            "long": 15.1658082,
            "openingHours": "",
            "description": "",
            "zipCode": "95024",
            "website": "",
            "facebook": "",
            "instagram": ""
        },
        {
            "externalId": "6352",
            "name": "MARIO RUSSO STORE",
            "category": "",
            "rating": 1,
            "cashback": "10",
            "image": "",
            "address": "CORSO UMBERTO, 82",
            "city": "ACIREALE",
            "meta": null,
            "lat": 37.615563726247,
            "long": 15.166543851521,
            "openingHours": "",
            "description": "",
            "zipCode": "95024",
            "website": "",
            "facebook": "",
            "instagram": ""
        },
        {
            "externalId": "6353",
            "name": "TOMARCHIO OTTICA E FOTOGRAFIA",
            "category": "",
            "rating": 1,
            "cashback": "15",
            "image": "",
            "address": "CORSO ITALIA , 18 A\/B",
            "city": "ACIREALE",
            "meta": null,
            "lat": 37.620255491412,
            "long": 15.166548891402,
            "openingHours": "DAL LUN POM AL SABATO DALLE 09.00 ALLE 13.00 E DALLE 16.00 ALLE 20.00",
            "description": "",
            "zipCode": "95024",
            "website": "",
            "facebook": "",
            "instagram": ""
        },
        {
            "externalId": "6354",
            "name": "PALAZZO ROMEO ANTICA MARINA",
            "category": "",
            "rating": 1,
            "cashback": "5",
            "image": "",
            "address": "PIAZZA SANTA MARIA DEL SUFFRAGIO, 15",
            "city": "ACIREALE",
            "meta": null,
            "lat": 37.612337097874,
            "long": 15.169665597553,
            "openingHours": "LUN-SAB DALLE 19.30 ALLE 23.00   DOM DALLE 12.30 ALLE 15   MER CHIUSO",
            "description": "",
            "zipCode": "95024",
            "website": "",
            "facebook": "",
            "instagram": ""
        },
        {
            "externalId": "6355",
            "name": "MEDEA PARRUCCHIERI",
            "category": "",
            "rating": 1,
            "cashback": "7",
            "image": "",
            "address": "CORSO ITALIA, 80",
            "city": "ACIREALE",
            "meta": null,
            "lat": 37.619940430017,
            "long": 15.164035203076,
            "openingHours": "MAR-SAB DALLE 9.00 ALLE 18.30   CHIUSO IL LUNEDI'",
            "description": "",
            "zipCode": "95024",
            "website": "",
            "facebook": "",
            "instagram": ""
        },
        {
            "externalId": "6376",
            "name": "TRATTORIA VECCHIA ACI",
            "category": "",
            "rating": 1,
            "cashback": "5",
            "image": "",
            "address": "VIA LANCASTER, 2",
            "city": "ACIREALE",
            "meta": null,
            "lat": 37.6119037,
            "long": 15.1663836,
            "openingHours": "DALLE 12.30 ALLE 14.30 E DALLE 19.30 ALLE 23.00 CHIUSO IL MARTEDI'",
            "description": "",
            "zipCode": "95024",
            "website": "",
            "facebook": "",
            "instagram": ""
        },
        {
            "externalId": "6377",
            "name": "GATTOBIANCO OSTERIA DELLA MUSICA",
            "category": "",
            "rating": 1,
            "cashback": "5",
            "image": "",
            "address": "VIA VITTORIO EMANUELE, 196",
            "city": "ACIREALE",
            "meta": null,
            "lat": 37.611373117164,
            "long": 15.165366480357,
            "openingHours": "MAR-SAB DALLE 19.00 ALLA 01.00   DOM DALLE 12.00 ALLE 15.00   CHIUSO IL LUNEDI'",
            "description": "",
            "zipCode": "95024",
            "website": "",
            "facebook": "",
            "instagram": ""
        },
        {
            "externalId": "6378",
            "name": "MARKET DI DANIELE CORDELLA",
            "category": "",
            "rating": 1,
            "cashback": "5",
            "image": "",
            "address": "VIA VENETO, 54",
            "city": "ACIREALE",
            "meta": null,
            "lat": 37.6192671,
            "long": 15.1645292,
            "openingHours": "LUN-SAB DALLE 07.30 ALLE 14.00 E DALLE 17.30 ALLE 20.30",
            "description": "",
            "zipCode": "95024",
            "website": "",
            "facebook": "",
            "instagram": ""
        },
        {
            "externalId": "6379",
            "name": "LE CAVEAU",
            "category": "",
            "rating": 1,
            "cashback": "10",
            "image": "",
            "address": "CORSO UMBERTO, 20",
            "city": "ACIREALE",
            "meta": null,
            "lat": 37.613847864286,
            "long": 15.165980565641,
            "openingHours": "LUN-DOM DALLE 18.00 ALLA 01.00",
            "description": "",
            "zipCode": "95024",
            "website": "",
            "facebook": "",
            "instagram": ""
        },
        {
            "externalId": "6380",
            "name": "LA NASSA",
            "category": "",
            "rating": 1,
            "cashback": "10",
            "image": "",
            "address": "PIAZZA MARCONI, 19",
            "city": "ACIREALE",
            "meta": null,
            "lat": 37.61124815583,
            "long": 15.164349658896,
            "openingHours": "DALLE 18.30 ALLE 23.30",
            "description": "",
            "zipCode": "95024",
            "website": "",
            "facebook": "",
            "instagram": ""
        },
        {
            "externalId": "6400",
            "name": "LAVIKO BOUTIQUE",
            "category": "",
            "rating": 1,
            "cashback": "5",
            "image": "",
            "address": "CORSO ITALIA, 28\/30",
            "city": "ACIREALE",
            "meta": null,
            "lat": 37.62032456562,
            "long": 15.166202569312,
            "openingHours": "LUN-DOM DALLE 06.00 ALLE 00.00",
            "description": "",
            "zipCode": "95024",
            "website": "WWW.LAVIKO.IT",
            "facebook": "",
            "instagram": ""
        },
        {
            "externalId": "6401",
            "name": "MAGATAMA SUSHI E BISTROT",
            "category": "",
            "rating": 1,
            "cashback": "8",
            "image": "",
            "address": "PIAZZA DUOMO, 15\/16",
            "city": "ACIREALE",
            "meta": null,
            "lat": 37.6104548,
            "long": 15.1652412,
            "openingHours": "DALLE 18.30 ALLE 23.30   CHIUSO IL MARTEDI'",
            "description": "",
            "zipCode": "95024",
            "website": "",
            "facebook": "",
            "instagram": ""
        },
        {
            "externalId": "6402",
            "name": "LA BOTTEGA SENZA GLUTINE",
            "category": "",
            "rating": 1,
            "cashback": "5",
            "image": "",
            "address": "VIA JACOPONE DA TODI, 20\/22",
            "city": "ACIREALE",
            "meta": null,
            "lat": 37.6139997,
            "long": 15.1555096,
            "openingHours": "",
            "description": "",
            "zipCode": "95024",
            "website": "",
            "facebook": "",
            "instagram": ""
        },
        {
            "externalId": "6420",
            "name": "PELLE SULLA PELLE",
            "category": "",
            "rating": 1,
            "cashback": "10",
            "image": "",
            "address": "CORSO UMBERTO, 220",
            "city": "ACIREALE",
            "meta": null,
            "lat": 37.619091486812,
            "long": 15.16779545215,
            "openingHours": "LUN-SAB DALLE 09.00 ALLE 13.00 E DALLE 16.00 ALLE 20.00 CHIUSO LA DOMENICA",
            "description": "",
            "zipCode": "95024",
            "website": "",
            "facebook": "",
            "instagram": ""
        },
        {
            "externalId": "6421",
            "name": "BEAUTY HAIR TOP",
            "category": "",
            "rating": 1,
            "cashback": "3",
            "image": "",
            "address": "VIA PROVINCIALE PER SANTA MARIA DEGLI AMMALATI, 325",
            "city": "ACIREALE",
            "meta": null,
            "lat": 37.6357419,
            "long": 15.163057,
            "openingHours": "MAR-VEN DALLE 0800 ALLE 12.00 E DALLE 15.30 ALLE 20.00  SAB DALLE 08.00 ALLE 20.30  DOMENICA E LUNEDI' CHIUSO ",
            "description": "",
            "zipCode": "95024",
            "website": "",
            "facebook": "",
            "instagram": ""
        },
        {
            "externalId": "6441",
            "name": "KINè CLINICA DEL MOVIMENTO",
            "category": "",
            "rating": 1,
            "cashback": "10",
            "image": "",
            "address": "VIA CERVO, 46\/A",
            "city": "ACIREALE",
            "meta": null,
            "lat": 37.6244968,
            "long": 15.1679431,
            "openingHours": "SI RICEVE SU APPUNTAMENTO",
            "description": "",
            "zipCode": "95024",
            "website": "",
            "facebook": "",
            "instagram": ""
        },
        {
            "externalId": "6442",
            "name": "BIO BOUTIQUE",
            "category": "",
            "rating": 1,
            "cashback": "5",
            "image": "",
            "address": "CORSO UMBERTO, 98",
            "city": "ACIREALE",
            "meta": null,
            "lat": 37.615958297046,
            "long": 15.166695679762,
            "openingHours": "LUN DALLE 16.30 ALLE 20.00   MAR-SAB DALLE 9.30 ALLE 13.00 E DALLE 16.30 ALLE 20.00   DOM CHIUSO",
            "description": "",
            "zipCode": "95024",
            "website": "",
            "facebook": "",
            "instagram": ""
        },
        {
            "externalId": "6443",
            "name": "U PUTTUSU",
            "category": "",
            "rating": 1,
            "cashback": "8",
            "image": "",
            "address": "VIA VITTORIO EMANUELE II, 175",
            "city": "ACIREALE",
            "meta": null,
            "lat": 37.6102054,
            "long": 15.1652894,
            "openingHours": "DALLE 20.00 ALLE 23.00  DOMENICA PRANZO E CENA   FESTIVI SOLO PRANZO   CHIUSO IL MERCOLEDI'",
            "description": "",
            "zipCode": "95024",
            "website": "",
            "facebook": "",
            "instagram": ""
        }
    ]
}
